username,role
3rang,member
aaillet,member
aaronemassey,member
abrodkin,member
aescolar,member
afontaine-invn,member
akanisetti,member
albertofloyd,member
AlessandroLuo,member
alexanderwachter,member
alwa-nordic,member
anangl,member
andrzej-kaczmarek,member
andy-liu-telink,member
andyross,member
aronlander-pe,member
asmellby,member
avisconti,member
awojasinski,member
AzharMCHP,member
binhnguyen2434,member
bjarki-andreasen,member
blauret,member
bperseghetti,member
carlescufi,maintainer
carlocaione,member
Casper-Bonde-Bose,member
ccli8,member
ceolin,member
cfriedt,member
Chenhongren,member
ChiHuaL,member
cvinayak,member
cyliangtw,member
d3zd3z,member
danieldegrasse,member
Dat-NguyenDuy,member
dbaluta,member
DBS06,member
dcpleung,member
de-nordic,member
decsny,member
Dino-Li,member
dleach02,member
dnltz,member
doki-nordic,member
duynguyenxa,member
edersondisouza,member
eriktamlin,member
erwango,member
evgeniy-paltsev,member
fabiobaltieri,member
faxe1008,member
finikorg,member
firscity,member
fkokosinski,member
galak,member
gdengi,member
ghu0510,member
glneo,member
gmarull,member
GTLin08,member
hakonfam,member
henrikbrixandersen,member
ioannis-karachalios,member
iuliana-prodan,member
jadonk,member
jakub-uC,member
JasonLin-RealTek,member
jc849,member
jfischer-no,member
jhedberg,member
JiafeiPan,member
jilaypandya,member
jimmyzhe,member
JordanYates,member
josuah,member
jukkar,member
jvasanth1,member
kartben,member
keith-packard,member
keith-zephyr,member
kgugala,member
KhiemNguyenT,member
kholia,member
krish2718,member
kristofer-jonsson-arm,member
kv2019i,member
kwd-doodling,member
LaurentiuM1234,member
lixuzha,member
lorc,member
lylezhu2012,member
maass-hamburg,member
mah-eiSmart,member
Mani-Sadhasivam,member
manuargue,member
MariuszSkamra,member
MarkWangChinese,member
martinjaeger,member
masz-nordic,member
MaureenHelm,member
maxdog988,member
mbolivar,member
michalsimek,member
microbuilder,member
mmahadevan108,member
mrkhldn,member
MulinChao,member
najumon1980,member
nandojve,member
nashif,maintainer
ngphibang,member
niedzwiecki-dawid,member
nika-nordic,member
nordic-auko,member
nordic-krch,member
nordicjm,member
npitre,member
nzmichaelh,member
PavelVPV,member
pdgendt,member
peter-mitsis,member
PetervdPerk-NXP,member
pideu-sj,member
pillo79,member
povergoing,member
rbuisson-invn,member
rerickson1,member
rettichschnidi,member
rghaddab,member
rlubos,member
RobinKastberg,member
rodrigopex,member
rriveramcrus,member
RuibinChang,member
ruuddw,member
sachinthegreen,member
sambhurst,member
scottwcpg,member
seov-nordic,member
SgrrZhf,member
sidcha,member
simonguinot,member
sjanc,member
snematbakhsh,member
soburi,member
sreeramIfx,member
ssekar15,member
StefanHri,member
stephanosio,maintainer
str4t0m,member
swift-tk,member
sylvioalves,member
tbursztyka,member
teburd,member
tejlmand,member
tgorochowik,member
Thalley,member
thedjnK,member
thenguyenyf,member
tomi-font,member
tswaehn,member
ubieda,member
vaishnavachath,member
VynDragon,member
warp5tw,member
wearyzen,member
wm-eisos,member
XenuIsWatching,member
yangbolu1991,member
ycsin,member
ydamigos,member
yonsch,member
yperess,member
